抽選日,本数字,ボーナス数字
2025-07-21,1 2 14 21 22 33,37
2025-07-17,2 4 11 22 24 35,8
2025-07-14,10 13 27 31 40 42,1
2025-07-10,6 8 13 16 20 23,26
2025-07-07,7 11 21 24 29 34,40
2025-07-03,7 12 30 31 39 43,42
2025-06-30,1 14 20 36 38 41,30
2025-06-26,12 14 18 24 30 42,4
2025-06-23,9 15 24 29 31 40,13
2025-06-19,8 17 20 35 36 40,12
2025-06-16,5 8 9 17 22 36,30
2025-06-12,6 18 23 24 30 35,38
2025-06-09,4 7 19 22 26 28,33
2025-06-05,3 7 18 27 33 34,6
2025-06-02,16 18 25 27 31 36,7
2025-05-29,1 5 10 13 35 40,39
2025-05-26,1 17 19 23 36 42,15
2025-05-22,13 21 24 26 34 36,20
2025-05-19,1 2 16 21 25 35,22
2025-05-15,17 31 34 35 36 38,2
2025-05-12,1 4 6 9 20 43,21
2025-05-08,5 16 17 28 36 40,14
2025-05-05,6 17 26 28 33 34,20
2025-05-01,2 4 8 26 27 37,19
2025-04-28,10 11 13 16 24 26,12
2025-04-24,7 12 13 35 37 42,31
2025-04-21,9 11 18 21 27 34,13
2025-04-17,1 5 12 16 17 40,4
2025-04-14,6 9 15 19 24 40,30
2025-04-10,15 17 23 29 35 43,8
2025-04-07,6 20 23 24 33 35,27
2025-04-03,8 12 25 28 32 42,27
2025-03-31,14 20 29 31 41 42,24
2025-03-27,1 30 36 37 41 43,33
2025-03-24,4 19 28 29 34 40,3
2025-03-20,3 18 31 36 37 40,23
2025-03-17,20 21 23 28 32 34,6
2025-03-13,5 10 15 17 29 41,30
2025-03-10,1 2 13 19 35 41,3
2025-03-06,15 18 19 21 37 40,17
2025-03-03,23 25 26 30 34 35,12
2025-02-27,4 14 20 28 29 34,30
2025-02-24,4 6 22 30 33 36,2
2025-02-20,11 13 15 20 35 42,19
2025-02-17,2 6 13 21 24 30,43
2025-02-13,7 10 14 27 28 32,4
2025-02-10,3 14 27 28 32 36,12
2025-02-06,2 6 9 26 32 36,23
2025-02-03,11 26 27 31 36 37,42
2025-01-30,3 7 12 13 35 38,24
2025-01-27,6 13 15 22 35 41,37
2025-01-23,3 4 22 26 29 35,37
2025-01-20,4 12 25 29 34 36,32
2025-01-16,17 18 20 23 33 43,19
2025-01-13,2 5 28 33 35 36,34
2025-01-09,3 4 20 29 35 38,6
2025-01-06,4 8 19 22 32 37,26
2024-12-30,11 12 27 28 38 43,10
2024-12-26,10 22 27 28 31 32,8
2024-12-23,19 20 36 40 41 43,22
2024-12-19,1 15 16 20 21 25,19
2024-12-16,3 4 5 13 34 42,18
2024-12-12,2 19 21 24 35 42,17
2024-12-09,11 19 26 28 29 36,1
2024-12-05,2 10 15 25 35 37,22
2024-12-02,19 23 29 33 36 40,27
2024-11-28,24 25 31 32 34 40,12
2024-11-25,1 3 6 23 28 35,14
2024-11-21,9 20 26 28 30 42,6
2024-11-18,12 13 17 28 37 43,27
2024-11-14,18 29 30 38 39 43,40
2024-11-11,10 24 30 36 37 41,5
2024-11-07,8 9 11 27 36 38,18
2024-11-04,1 2 4 14 27 43,41
2024-10-31,6 11 21 33 39 42,18
2024-10-28,10 11 17 25 34 38,9
2024-10-24,1 16 18 26 27 35,29
2024-10-21,2 12 13 21 23 43,39
2024-10-17,2 14 15 25 26 42,9
2024-10-14,10 22 26 27 29 37,41
2024-10-10,5 9 14 32 39 41,24
2024-10-07,1 9 26 28 31 38,8
2024-10-03,1 6 19 29 33 35,26
2024-09-30,3 8 12 14 17 40,2
2024-09-26,6 13 16 20 27 41,30
2024-09-23,3 7 9 10 12 30,16
2024-09-19,1 5 16 20 24 31,29
2024-09-16,9 23 27 30 33 41,4
2024-09-12,5 10 19 23 29 37,11
2024-09-09,7 10 12 20 40 43,4
2024-09-05,2 18 20 24 26 29,22
2024-09-02,2 11 18 26 32 36,10
2024-08-29,10 13 18 24 34 37,1
2024-08-26,5 9 11 18 34 37,22
2024-08-22,7 16 18 25 26 27,17
2024-08-19,6 7 18 30 34 37,3
2024-08-15,3 11 22 31 33 35,13
2024-08-12,1 2 13 25 33 41,31
2024-08-08,6 10 22 23 31 36,37
2024-08-05,5 17 19 21 38 41,6
